country,installs,RPI1,RPI2,RPI3,RPI4,RPI5,RPI6,RPI7,RPI8,RPI9,RPI10
AU,2,,,,,,,,,,
CA,2,0.99,0.99,0.99,0.99,0.99,0.99,0.99,0.99,0.99,0.99
UK,2,,,,,,,,,,
NZ,1,5.96,5.96,11.92,15.9,17.88,17.88,17.88,17.88,19.859999999999996,19.859999999999996
US,1,,,,,,,,,,
